{"visR": [false], "target": [[1.6642856212770303, 9.04115688249809, -5.542982102548866]], "altitude": [123.6], "rotationR": [[-0.1, -0.2, 0]], "mix": [0.5], "rotationL": [[-0.1, 0.2, 0]], "radius": [219.2], "azimuth": [127.2001800000005], "alpha": [null], "visL": [true]}