{"visR": [true], "target": [[-0.39723097656884243, 10.1448306246239, -8.791374564636534]], "altitude": [123.60000999999983], "rotationR": [[-0.1, 0, 0]], "mix": [0.42], "rotationL": [[0, 0, 0]], "radius": [219.77428012899216], "azimuth": [217.20018000000016], "alpha": [null], "visL": [false]}