{"visR": [true], "target": [[1.6642856212770303, 9.04115688249809, -5.542982102548866]], "altitude": [123.60000999999977], "rotationR": [[-0.1, -0.2, 0]], "mix": [0.5], "rotationL": [[0, 0, 0]], "radius": [219.77428012899216], "azimuth": [219.20018000000016], "alpha": [null], "visL": [false]}